{
  "head_to_head_per_screen": {
    "train-mean floor": {
      "overall": {
        "n": 9127,
        "mae_log": 0.5916569539687069,
        "rmse_log": 0.7352207534220359,
        "mae_s": 4.209882194861972,
        "rmse_s": 6.398395542659127,
        "spearman_rho": NaN,
        "mean_actual_s": 6.648702070779008,
        "mean_pred_s": 5.048303802786016
      },
      "navigation": {
        "n": 2304,
        "mae_log": 0.6740034650501691,
        "rmse_log": 0.8294273807161854,
        "mae_s": 7.099322616656682,
        "rmse_s": 9.798886565284366,
        "spearman_rho": NaN,
        "mean_actual_s": 11.641744791666667,
        "mean_pred_s": 5.048303802786016
      },
      "in_page": {
        "n": 6823,
        "mae_log": 0.5638500711412574,
        "rmse_log": 0.7005535286775636,
        "mae_s": 3.2341719894076255,
        "rmse_s": 4.726564329274231,
        "spearman_rho": NaN,
        "mean_actual_s": 4.962644555181005,
        "mean_pred_s": 5.048303802786017
      }
    },
    "train-median floor": {
      "overall": {
        "n": 9127,
        "mae_log": 0.5875501862758609,
        "rmse_log": 0.7342529208999357,
        "mae_s": 4.18561069354662,
        "rmse_s": 6.485633889195291,
        "spearman_rho": NaN,
        "mean_actual_s": 6.648702070779008,
        "mean_pred_s": 4.729
      },
      "navigation": {
        "n": 2304,
        "mae_log": 0.709863604234783,
        "rmse_log": 0.8672075569475047,
        "mae_s": 7.310332465277778,
        "rmse_s": 10.016524067767902,
        "spearman_rho": NaN,
        "mean_actual_s": 11.641744791666667,
        "mean_pred_s": 4.728999999999999
      },
      "in_page": {
        "n": 6823,
        "mae_log": 0.5462472235062058,
        "rmse_log": 0.6835405588302548,
        "mae_s": 3.1304503590795836,
        "rmse_s": 4.731560274395015,
        "spearman_rho": NaN,
        "mean_actual_s": 4.962644555181005,
        "mean_pred_s": 4.728999999999999
      }
    },
    "LightGBM (no image)": {
      "overall": {
        "n": 9127,
        "mae_log": 0.5227651115202966,
        "rmse_log": 0.6552254567250464,
        "mae_s": 3.768690818457596,
        "rmse_s": 5.8531368139249205,
        "spearman_rho": 0.46827630178840174,
        "mean_actual_s": 6.648702070779008,
        "mean_pred_s": 5.161629264954275
      },
      "navigation": {
        "n": 2304,
        "mae_log": 0.5235806444095898,
        "rmse_log": 0.6510275329328402,
        "mae_s": 6.011623911638959,
        "rmse_s": 8.4021790406837,
        "spearman_rho": 0.23291627176758903,
        "mean_actual_s": 11.641744791666667,
        "mean_pred_s": 7.133192759744109
      },
      "in_page": {
        "n": 6823,
        "mae_log": 0.5224897212554669,
        "rmse_log": 0.6566369560093411,
        "mae_s": 3.011294094627921,
        "rmse_s": 4.689216009424489,
        "spearman_rho": 0.20399965151098906,
        "mean_actual_s": 4.962644555181005,
        "mean_pred_s": 4.495868999382566
      }
    },
    "VLM (image+features)": {
      "overall": {
        "n": 9127,
        "mae_log": 0.5411667664823598,
        "rmse_log": 0.682246059502533,
        "mae_s": 3.899028136298893,
        "rmse_s": 6.1542830959289,
        "spearman_rho": 0.36442877341839736,
        "mean_actual_s": 6.648702070779008,
        "mean_pred_s": 4.6921222745699565
      },
      "navigation": {
        "n": 2304,
        "mae_log": 0.6142469846705746,
        "rmse_log": 0.7740883672474641,
        "mae_s": 6.559289930555555,
        "rmse_s": 9.152029327606423,
        "spearman_rho": 0.19077236587843324,
        "mean_actual_s": 11.641744791666667,
        "mean_pred_s": 6.047743055555555
      },
      "in_page": {
        "n": 6823,
        "mae_log": 0.5164889381508859,
        "rmse_log": 0.648300663644284,
        "mae_s": 3.0007072841858418,
        "rmse_s": 4.730843439468126,
        "spearman_rho": 0.1925646169020559,
        "mean_actual_s": 4.962644555181005,
        "mean_pred_s": 4.234354389564707
      }
    },
    "VLM (image+features+task)": {
      "overall": {
        "n": 9127,
        "mae_log": 0.5535575439495283,
        "rmse_log": 0.7017861734152402,
        "mae_s": 3.982782162813629,
        "rmse_s": 6.19852686132986,
        "spearman_rho": 0.31339708774240277,
        "mean_actual_s": 6.648702070779008,
        "mean_pred_s": 4.7952590117234575
      },
      "navigation": {
        "n": 2304,
        "mae_log": 0.6093202418625415,
        "rmse_log": 0.7718552798813664,
        "mae_s": 6.482517361111111,
        "rmse_s": 9.05947243379248,
        "spearman_rho": 0.238379278936763,
        "mean_actual_s": 11.641744791666667,
        "mean_pred_s": 6.108854166666666
      },
      "in_page": {
        "n": 6823,
        "mae_log": 0.5347275196212881,
        "rmse_log": 0.6764879567457541,
        "mae_s": 3.138668151839367,
        "rmse_s": 4.86632970896541,
        "spearman_rho": 0.14214443269534913,
        "mean_actual_s": 4.962644555181005,
        "mean_pred_s": 4.351682397772241
      }
    }
  },
  "task_level": {
    "train-mean floor": {
      "n": 1232,
      "mae_log": 0.4514195814339012,
      "rmse_log": 0.5547677966166078,
      "mae_s": 18.396132652678755,
      "rmse_s": 25.077376870123995,
      "spearman_rho": 0.7028264258157692,
      "mean_actual_s": 48.14224951298701,
      "mean_pred_s": 36.97308864654077
    },
    "train-median floor": {
      "n": 1232,
      "mae_log": 0.48026833529406193,
      "rmse_log": 0.5856501582615828,
      "mae_s": 19.126649025974032,
      "rmse_s": 25.940768244186057,
      "spearman_rho": 0.7028264258157692,
      "mean_actual_s": 48.14224951298701,
      "mean_pred_s": 34.634551136363626
    },
    "LightGBM (no image)": {
      "n": 1232,
      "mae_log": 0.3801527453746271,
      "rmse_log": 0.4681614156394365,
      "mae_s": 16.18025993213908,
      "rmse_s": 22.593770692200945,
      "spearman_rho": 0.7687304514394077,
      "mean_actual_s": 48.14224951298701,
      "mean_pred_s": 37.72706133787434
    },
    "VLM (image+features)": {
      "n": 1232,
      "mae_log": 0.4466073620755062,
      "rmse_log": 0.537666868345124,
      "mae_s": 18.205818344155844,
      "rmse_s": 24.676509934262317,
      "spearman_rho": 0.7482349204984011,
      "mean_actual_s": 48.14224951298701,
      "mean_pred_s": 34.3086038961039
    },
    "VLM (image+features+task)": {
      "n": 1232,
      "mae_log": 0.44988262130787066,
      "rmse_log": 0.5489458375748043,
      "mae_s": 18.376694155844156,
      "rmse_s": 25.073287465782247,
      "spearman_rho": 0.7293923832716359,
      "mean_actual_s": 48.14224951298701,
      "mean_pred_s": 35.09929301948052
    }
  },
  "parse_stats": {
    "VLM (image+features)": {
      "n": 9129,
      "tier_counts": {
        "strict": 9129,
        "labeled": 0,
        "bare_number": 0,
        "fail": 0
      },
      "parse_failure_rate": 0.0,
      "fallback": "TRAIN median winsorized dwell (4.729 s)",
      "clipped_to": [
        0.0,
        24.954
      ]
    },
    "VLM (image+features+task)": {
      "n": 9129,
      "tier_counts": {
        "strict": 9128,
        "labeled": 0,
        "bare_number": 0,
        "fail": 1
      },
      "parse_failure_rate": 0.00010954102311315588,
      "fallback": "TRAIN median winsorized dwell (4.729 s)",
      "clipped_to": [
        0.0,
        24.954
      ]
    }
  },
  "calibration_ece_s": 1.9576021250958484,
  "primary_model": "VLM (image+features)",
  "pending_models": [],
  "rows": {
    "eval_set": 9129,
    "head_to_head": 9127,
    "tasks": 1232
  }
}